{
    "Events": [
        {
            "Slot": 2,
            "TimeToEnd": 1727835341.1012592,
            "Tokens": 10,
            "MapID": 814,
            "ClaimedTokens": []
        },
        {
            "Slot": 1,
            "TimeToEnd": 1727878541.106139,
            "Tokens": 10,
            "MapID": 762,
            "ClaimedTokens": []
        },
        {
            "Slot": 4,
            "TimeToEnd": 1727878541.1129715,
            "Tokens": 10,
            "MapID": 640,
            "ClaimedTokens": []
        },
        {
            "Slot": 5,
            "TimeToEnd": 1727878541.1188307,
            "Tokens": 10,
            "MapID": 815,
            "ClaimedTokens": []
        },
        {
            "Slot": 6,
            "TimeToEnd": 1727536357.3456142,
            "Tokens": 10,
            "MapID": 638,
            "ClaimedTokens": []
        },
        {
            "Slot": 11,
            "TimeToEnd": 1727536357.3456142,
            "Tokens": 10,
            "MapID": 7,
            "ClaimedTokens": []
        }
    ]
}